ES2008d_D_head22242225;nod
TS3005b_B_head14391439;nod
IS1008b_B_head454455;nod
TS3005b_D_head22092210;shake
IS1008c_C_head14541454;nod
TS3005b_B_head896898;shake
IS1000b_A_head22242225;shake
IS1008c_C_head528529;nod
TS3003a_C_head12671267;shake
IS1008d_C_head13171318;shake
IS1003c_A_head11041105;nod
IS1004d_A_head819819;nod
IS1005c_C_head14691470;nod
IS1006d_A_head759759;nod
IS1009b_B_head917918;nod
ES2003a_A_head836837;nod
IS1004d_A_head188190;nod
IS1008b_C_head14661466;shake
IS1003c_A_head18321835;shake
ES2003a_D_head775775;shake
IS1005b_D_head540541;shake
ES2008b_C_head16631663;shake
IS1008c_C_head195195;nod
TS3005b_D_head14201420;shake
IS1009b_C_head531532;nod
IS1000b_B_head374376;nod
IS1008c_A_head12311232;shake
ES2009c_C_head16521653;shake
IS1003c_A_head942943;shake
TS3005b_D_head17561757;shake
ES2008a_D_head717720;nod
IS1009b_C_head991996;nod
ES2008b_C_head15311532;nod
IS1009b_D_head16981698;shake
IS1008c_C_head12441244;nod
IS1004d_A_head13581358;shake
ES2008d_D_head18951896;shake
IS1003b_C_head12891289;shake
IS1000b_D_head698698;shake
ES2008b_A_head12951296;shake
IS1004d_A_head18391840;nod
TS3011a_C_head10051006;nod
TS3005b_A_head12101210;nod
IS1006d_C_head10761076;nod
TS3005b_B_head23122313;shake
ES2008d_C_head359360;shake
TS3005b_B_head18261826;shake
IS1000d_D_head15431544;shake
ES2008c_C_head18311832;nod
ES2009d_B_head666666;nod
IS1008c_B_head589589;nod
IS1008c_C_head8485;nod
IS1008d_A_head11891190;shake
ES2008d_D_head17521753;shake
ES2008b_B_head10121013;shake
ES2008d_B_head23102310;shake
IS1008d_A_head994994;shake
ES2009d_B_head411412;nod
IS1008d_A_head13061307;nod
IS1003b_B_head15631564;nod
IS1001b_C_head201201;shake
ES2008c_A_head14061407;nod
IS1000b_B_head429431;nod
IS1005b_D_head640643;nod
ES2008d_B_head20762076;shake
IS1009a_B_head446448;nod
ES2008d_B_head361362;nod
IS1009d_B_head18301831;nod
IS1009d_C_head14781480;nod
ES2008d_B_head25992599;shake
IS1000a_C_head11501151;nod
IS1008b_B_head10571059;nod
IS1004c_A_head10551056;shake
IS1009d_C_head12881290;nod
IS1008c_B_head10551056;nod
IS1005c_A_head12921292;shake
IS1008c_C_head335335;nod
IS1008b_C_head13861387;shake
IS1003b_D_head11751175;nod
IS1009b_C_head718719;shake
ES2008d_B_head185186;shake
IS1008b_B_head223223;shake
IS1003c_A_head553553;shake
IS1009d_B_head11611162;nod
TS3005b_D_head19131913;shake
TS3005b_D_head16671667;shake
IS1003a_C_head593594;shake
IS1003b_C_head15231523;nod
IS1005c_B_head13001301;nod
IS1006c_A_head14731473;shake
IS1000b_A_head23052305;shake
IS1006d_A_head10311032;nod
ES2003b_D_head14951496;shake
IS1006d_A_head440440;nod
ES2003b_B_head17731774;nod
TS3005a_A_head566566;nod
IS1006d_A_head10761077;nod
ES2009c_B_head11641164;nod
ES2008d_C_head105107;nod
IS1004d_A_head784785;shake
IS1004c_A_head10411042;shake
IS1006d_A_head16461646;shake
IS1003c_A_head12791280;shake
IS1006c_A_head689690;shake
ES2009c_B_head12471248;shake
ES2008b_D_head8990;nod
IS1004a_A_head708709;nod
TS3005b_B_head980980;shake
IS1008b_B_head17081709;shake
IS1000d_D_head661662;nod
TS3005b_A_head17891789;nod
IS1009b_C_head16931696;nod
IS1008d_A_head848848;nod
IS1005b_D_head19241925;nod
IS1004d_A_head10831086;nod
TS3005b_C_head852853;nod
IS1009b_D_head716716;nod
IS1009c_B_head379379;nod
IS1008c_C_head443443;nod
ES2008b_A_head18171817;shake
IS1005c_C_head13281328;shake
IS1008d_A_head11481149;shake
IS1008d_C_head13451346;nod
TS3005b_B_head21272127;nod
ES2008b_A_head859860;shake
IS1005b_A_head13541355;shake
IS1004c_D_head872874;shake
TS3005a_D_head10711071;shake
ES2009c_B_head575575;shake
IS1005c_C_head11271127;nod
ES2003b_D_head11771179;shake
ES2009d_B_head12931293;shake
IS1003c_A_head284284;shake
IS1009c_B_head655655;shake
TS3005b_A_head17471747;shake
TS3011b_C_head909909;nod
IS1008b_B_head379380;shake
IS1004d_B_head18111812;shake
IS1008c_B_head231232;nod
IS1008c_C_head355355;nod
IS1003c_A_head275275;shake
IS1000b_D_head23052305;nod
IS1005b_B_head14731473;shake
ES2003b_C_head10801080;nod
ES2008b_A_head18901892;nod
TS3005a_A_head681681;nod
ES2008c_C_head14101410;nod
ES2008a_D_head546546;shake
IS1003b_C_head13331334;shake
ES2008d_D_head13491350;nod
TS3011a_B_head149151;nod
IS1009c_A_head222223;nod
TS3005b_C_head9898;nod
IS1008c_B_head709710;shake
TS3011b_C_head883883;shake
IS1004c_A_head18161817;nod
IS1008c_C_head174174;nod
IS1000b_A_head237237;nod
ES2009c_B_head18931893;nod
ES2008d_C_head645646;shake
IS1004c_A_head12461247;nod
IS1008b_B_head291292;shake
IS1001b_C_head19241924;shake
IS1003a_B_head350351;nod
IS1000a_D_head12351236;nod
ES2008d_B_head13911391;shake
IS1009b_C_head152157;nod
TS3005b_B_head22132215;shake
IS1009a_B_head479479;shake
ES2003b_D_head806807;shake
ES2008a_A_head10171018;nod
ES2009d_B_head13221323;shake
TS3011b_A_head387388;shake
IS1008d_A_head12881291;nod
TS3005b_A_head15821583;nod
TS3003a_D_head13331334;nod
IS1005b_D_head10931093;shake
ES2008b_B_head373374;shake
IS1009c_C_head16311634;nod
IS1008c_B_head615616;nod
IS1009b_D_head14261427;nod
TS3005a_B_head11251126;shake
TS3005b_D_head16971698;shake
IS1001b_B_head931933;shake
IS1001d_A_head539539;shake
ES2009d_A_head14061406;shake
ES2008b_C_head13311332;shake
IS1009b_B_head15501550;nod
ES2008a_A_head447447;nod
ES2003b_B_head17321733;shake
IS1009a_B_head801802;nod
ES2009d_B_head861862;shake
IS1009b_B_head381382;nod
IS1003b_C_head12051206;nod
IS1009b_B_head13771379;nod
ES2008d_D_head20652068;nod
IS1008c_C_head12271228;nod
TS3005b_D_head19181919;shake
IS1004c_D_head14261427;shake
IS1001a_B_head545546;shake
IS1003b_C_head12111211;shake
IS1003b_C_head15711572;shake
ES2008b_A_head20122015;nod
IS1009d_D_head14001401;nod
IS1009b_B_head10741076;nod
IS1006c_A_head917919;nod
ES2008d_B_head640641;nod
IS1008c_C_head888890;nod
IS1000b_C_head429430;nod
TS3005b_B_head20822082;shake
IS1000b_A_head21442144;shake
IS1009c_B_head840841;nod
IS1008d_A_head291292;shake
IS1003b_C_head13751375;nod
IS1008c_C_head350350;nod
IS1009c_B_head991996;nod
IS1008d_A_head13031304;nod
ES2008d_B_head17601760;shake
IS1001b_C_head14101411;nod
IS1004c_A_head323323;nod
IS1009b_D_head968968;nod
IS1004d_A_head912912;nod
IS1003b_C_head13071308;shake
IS1008c_B_head14631463;nod
IS1008c_C_head338338;nod
IS1003c_A_head877877;nod
ES2008d_B_head20772077;shake
ES2009d_B_head16511651;nod
IS1004d_D_head382384;nod
IS1005b_C_head16211622;nod
IS1004c_C_head20072008;nod
IS1004d_C_head301301;shake
TS3005b_A_head18061807;shake
IS1008d_C_head12871288;nod
ES2008d_D_head19911992;shake
TS3011a_B_head11971197;shake
IS1003a_C_head393394;shake
IS1000b_C_head17141715;nod
TS3005b_B_head18421843;nod
IS1003b_D_head12061207;nod
IS1008d_C_head173174;nod
IS1003c_A_head16251625;shake
ES2008d_B_head25332534;shake
IS1008c_C_head769772;nod
ES2008d_B_head25932593;nod
IS1005b_D_head10391042;nod
IS1004a_C_head325325;nod
ES2008b_C_head13431345;shake
ES2008a_B_head623623;nod
TS3005b_D_head14551456;nod
ES2009c_B_head10301031;nod
IS1004d_C_head859860;shake
IS1004b_A_head954955;nod
IS1005a_D_head724724;shake
IS1008b_D_head840841;shake
TS3005b_C_head728729;nod
IS1000a_A_head13711371;shake
TS3005b_D_head19671967;shake
IS1000a_C_head14121413;nod
IS1004c_A_head10621063;shake
IS1009b_C_head15951596;nod
ES2008a_B_head718719;shake
IS1008b_B_head695696;nod
IS1000b_D_head18141814;nod
IS1005c_A_head18031803;shake
IS1004b_B_head656656;shake
IS1009b_D_head222223;shake
ES2008c_A_head13661367;nod
IS1000b_A_head900900;nod
IS1003b_C_head768768;shake
TS3005b_D_head18951896;shake
IS1008d_A_head533533;nod
ES2009c_C_head10811082;shake
IS1009a_B_head538540;nod
IS1003c_A_head398399;shake
IS1003c_A_head11491149;shake
ES2008d_D_head19001900;shake
IS1009a_A_head448449;shake
ES2009d_B_head399400;shake
ES2008b_D_head12231223;nod
IS1004d_C_head368368;shake
IS1004d_B_head15861586;shake
IS1000b_A_head22242224;shake
IS1003c_A_head13601361;nod
ES2003b_D_head17551756;nod
IS1005b_A_head20552056;nod
IS1006d_A_head11871187;shake
IS1008b_B_head389390;nod
IS1009d_C_head17751776;nod
TS3011a_C_head10591060;shake
TS3005a_B_head10631064;shake
ES2008a_C_head977977;nod
IS1008d_A_head10351035;shake
IS1005b_B_head872872;shake
IS1000d_D_head675676;shake
IS1003b_B_head433433;nod
IS1008d_A_head14081409;shake
IS1004d_A_head543545;shake
ES2009c_B_head12541254;shake
IS1009a_A_head265265;shake
IS1004a_B_head4141;shake
ES2009c_B_head396396;nod
IS1003b_B_head11231124;shake
IS1000b_C_head369370;nod
ES2003b_B_head19081909;nod
ES2009d_A_head201201;nod
IS1003c_A_head16301631;shake
IS1004c_D_head306307;nod
IS1008d_C_head895895;shake
IS1000b_C_head20882088;nod
IS1009a_C_head494495;nod
ES2003b_B_head19311931;shake
IS1008b_B_head750752;nod
ES2008c_C_head668669;nod
TS3003a_D_head12221223;shake
TS3005b_B_head19011902;nod
IS1004c_D_head10711072;nod
TS3005b_D_head11051105;shake
IS1009d_A_head806806;nod
IS1006c_A_head15071508;nod
IS1009b_B_head10221027;nod
IS1004c_A_head18511852;nod
IS1008b_D_head11761177;shake
IS1009b_D_head183184;shake
IS1001b_B_head519519;nod
TS3005b_B_head20252025;shake
ES2003b_B_head19471948;nod
IS1004c_C_head20762077;shake
IS1008b_B_head731732;nod
IS1009b_C_head14971499;nod
ES2003b_B_head16521653;nod
IS1001c_B_head454454;shake
IS1005b_C_head18881888;nod
IS1008c_C_head164165;nod
TS3005b_D_head11591159;shake
IS1008c_C_head810819;nod
IS1004d_A_head15291530;shake
TS3011a_C_head10821082;shake
IS1008d_C_head932933;shake
IS1003b_C_head12521252;shake
ES2008c_A_head514515;shake
IS1005c_A_head18001800;nod
IS1003b_C_head576576;shake
IS1000b_B_head16711672;nod
IS1004c_A_head938943;nod
TS3011a_A_head13711373;nod
IS1008d_A_head11901191;shake
IS1008c_C_head13891389;nod
IS1000b_B_head676676;shake
IS1009d_D_head524525;nod
IS1004d_A_head546547;shake
TS3005b_D_head21702170;shake
IS1005b_D_head20192024;nod
ES2008b_B_head20252027;nod
IS1008c_C_head732735;nod
TS3005a_D_head10341035;shake
IS1008d_A_head833835;nod
IS1008c_D_head563564;shake
IS1009b_B_head17811781;nod
IS1008b_D_head863864;shake
ES2003b_B_head12841285;nod
IS1001b_A_head14681468;shake
ES2008a_A_head9293;nod
IS1004d_C_head15231523;shake
ES2008d_D_head16421643;shake
IS1001c_C_head250250;nod
IS1003c_A_head481481;shake
ES2008c_C_head16891689;shake
IS1008b_C_head14701471;shake
ES2008b_C_head14101411;nod
ES2003b_C_head18771878;nod
IS1000b_A_head459460;shake
ES2008a_B_head517518;nod
TS3005b_D_head17401740;shake
IS1005b_D_head20562057;shake
IS1003a_B_head504504;shake
ES2008b_C_head12291229;shake
TS3005b_A_head18781878;nod
ES2003b_B_head176176;shake
ES2008b_A_head19161917;shake
IS1009a_C_head717717;nod
IS1008c_D_head11571158;nod
IS1008c_B_head595596;nod
ES2009d_A_head381382;nod
IS1009b_C_head18841887;nod
IS1008b_D_head11671170;nod
IS1005b_A_head469469;shake
IS1009d_C_head15321533;nod
ES2003b_B_head10641064;nod
ES2008d_B_head414415;shake
IS1008c_C_head373374;nod
IS1004c_A_head13721373;shake
IS1003b_C_head10521053;nod
IS1008c_C_head13611363;nod
IS1006d_A_head419419;nod
ES2008c_A_head966969;nod
ES2008b_A_head18851888;nod
IS1009c_B_head13741375;nod
IS1000d_D_head15441545;shake
IS1008c_C_head612613;shake
TS3005a_B_head991992;shake
ES2009d_B_head782782;shake
ES2008c_C_head494494;shake
IS1004b_C_head553554;nod
IS1000b_A_head362363;shake
ES2008c_C_head13581358;shake
ES2008a_A_head789792;nod
IS1004c_D_head595596;shake
IS1005b_A_head19101911;shake
TS3003a_C_head14301431;shake
IS1009d_D_head179179;nod
IS1008c_C_head13881389;nod
IS1001c_B_head10141015;shake
ES2008a_A_head496497;shake
ES2009c_C_head11131113;shake
ES2009d_B_head16941694;nod
IS1005c_D_head8687;nod
IS1004c_A_head13621362;shake
TS3005b_B_head161162;shake
ES2008c_A_head20802080;shake
IS1009c_C_head831832;shake
IS1008b_C_head14821483;shake
TS3011a_C_head11181120;nod
IS1008c_C_head313313;shake
IS1001c_B_head10161017;shake
ES2008d_D_head23562357;nod
TS3011a_A_head10691069;shake
IS1005c_B_head16481649;shake
IS1008d_C_head13231323;shake
IS1009b_B_head680684;nod
ES2008b_A_head384390;nod
ES2008d_D_head26142615;shake
IS1001c_B_head993994;shake
IS1009b_C_head527528;nod
IS1005b_A_head427428;nod
ES2003b_D_head18481848;shake
IS1009b_B_head961965;nod
IS1005c_D_head11331134;nod
IS1003b_C_head727728;shake
ES2008c_A_head851853;nod
TS3005b_D_head17771779;shake
TS3011a_C_head10761076;shake
ES2008a_D_head985987;nod
TS3011a_A_head14401440;shake
IS1004d_B_head230231;nod
ES2008d_B_head19611961;shake
IS1009b_C_head961962;shake
ES2008b_A_head14431443;nod
ES2008b_D_head413413;nod
ES2008d_D_head16971698;nod
IS1005c_C_head9595;shake
IS1008d_A_head7980;nod
IS1005b_B_head18141814;shake
IS1009b_C_head860862;shake
IS1009d_C_head15561557;nod
TS3005b_B_head22512251;nod
IS1006c_A_head946947;shake
ES2008b_A_head16341634;shake
IS1006d_C_head16591659;nod
IS1009d_A_head19051906;shake
IS1000d_D_head15001500;shake
IS1009d_C_head13911391;shake
IS1004b_C_head13821382;nod
ES2009d_A_head14101411;nod
ES2008c_A_head7070;shake
IS1003b_A_head322322;nod
IS1008c_C_head179180;nod
IS1004c_A_head559559;shake
IS1009d_B_head692693;nod
IS1008b_D_head810812;shake
IS1000b_A_head19851986;shake
TS3005b_B_head12171218;nod
IS1008d_C_head12521253;nod
IS1004b_D_head18771878;nod
TS3005b_D_head14181418;shake
ES2008c_A_head13431345;shake
ES2008b_B_head14611461;nod
IS1003b_C_head654655;shake
IS1008b_B_head16551655;nod
IS1006c_A_head18741875;nod
IS1005a_D_head188189;nod
IS1009b_D_head16931694;nod
TS3005b_D_head16331633;shake
IS1006c_A_head18931893;shake
ES2008b_B_head12951297;shake
ES2008b_D_head17891789;shake
IS1009b_C_head758759;shake
ES2008b_B_head12221222;nod
IS1000b_A_head18921892;shake
TS3005b_C_head11181118;nod
ES2009c_B_head135135;nod
TS3005b_D_head13941394;shake
IS1006d_C_head997998;shake
IS1009a_B_head564566;nod
ES2009c_C_head10481048;shake
ES2003b_B_head16311632;shake
IS1009c_D_head13671368;nod
IS1001b_A_head971972;nod
IS1004d_A_head18241828;nod
ES2003b_D_head180181;shake
IS1005b_D_head784785;nod
TS3005b_D_head15921592;shake
IS1003b_C_head665665;shake
IS1006c_A_head13271328;nod
TS3005b_A_head22632264;nod
ES2009d_A_head15761577;shake
IS1009a_C_head637637;nod
TS3005b_D_head17911793;nod
TS3005b_D_head11561157;shake
IS1000b_B_head711711;nod
IS1009d_B_head12091212;nod
IS1008d_A_head290291;shake
ES2009d_B_head565566;shake
IS1009d_B_head13401341;nod
IS1008d_A_head6161;shake
IS1005b_A_head13431344;nod
IS1004c_A_head20062008;nod
IS1004d_D_head302305;nod
IS1009b_B_head19261927;nod
IS1009d_A_head299299;nod
IS1009d_A_head919919;shake
IS1009c_B_head999999;nod
ES2009d_B_head912913;shake
ES2008a_C_head985986;nod
IS1003c_A_head525525;shake
IS1008c_A_head12811282;nod
IS1004d_A_head10371038;shake
IS1008c_C_head540542;nod
IS1001a_C_head717718;shake
IS1003c_A_head16931693;shake
ES2008b_D_head14471450;nod
TS3005b_B_head20802080;shake
TS3005b_B_head857859;nod
IS1003b_C_head14951495;shake
TS3005b_C_head10431044;nod
IS1009c_D_head762764;shake
IS1009b_B_head637639;nod
ES2003b_C_head17141714;shake
ES2008d_B_head21622163;shake
ES2008b_C_head800800;shake
IS1005b_D_head16521652;shake
IS1009d_A_head229230;shake
IS1004b_A_head13941395;shake
IS1008b_C_head10131014;shake
ES2003a_A_head782783;shake
ES2008b_D_head860860;shake
TS3005b_D_head15431544;nod
TS3005b_C_head17761778;nod
ES2009c_B_head10541054;shake
IS1008c_C_head10351035;nod
IS1006c_A_head13511351;nod
IS1004d_A_head18941895;nod
ES2008d_D_head519520;nod
IS1008c_C_head279281;nod
IS1004b_C_head19941995;nod
ES2009c_B_head18411842;nod
IS1009a_B_head431433;nod
IS1008d_A_head285286;shake
ES2008b_D_head13481349;shake
ES2008b_D_head19181921;nod
IS1009d_C_head16591660;nod
IS1009b_C_head145147;nod
IS1009c_B_head10531056;nod
IS1000b_C_head706707;nod
IS1005b_D_head7070;nod
ES2009c_C_head15001501;nod
ES2008a_B_head10341035;nod
ES2008b_B_head16811687;nod
ES2008c_A_head14511451;shake
IS1009c_C_head690691;nod
IS1004c_B_head17371738;nod
IS1008b_B_head707708;shake
IS1001c_B_head12441244;shake
TS3005a_C_head366367;nod
TS3005b_D_head12981299;shake
IS1001c_C_head807807;shake
IS1008d_A_head11791180;nod
IS1001c_C_head14031403;shake
TS3005b_C_head874875;nod
IS1008c_C_head14091410;shake
IS1006d_C_head708709;shake
ES2008b_D_head364365;shake
IS1008b_B_head974975;shake
ES2008a_C_head10101011;nod
IS1000b_A_head933934;nod
ES2008a_B_head963964;shake
TS3005b_B_head22892290;shake
ES2008d_D_head431434;nod
IS1008c_C_head604604;shake
IS1008d_A_head12361238;nod
ES2009c_C_head738738;shake
IS1004d_A_head797799;shake
IS1009b_C_head885887;nod
ES2008b_D_head869870;nod
IS1001a_A_head619620;shake
IS1003b_B_head676676;shake
IS1003b_C_head536537;nod
IS1008b_C_head14811482;shake
IS1005c_A_head10551056;shake
ES2009c_B_head10621062;shake
IS1008c_B_head15051506;nod
TS3011b_A_head447448;nod
IS1001d_C_head530531;shake
IS1009b_C_head20062008;shake
TS3011a_A_head14371438;shake
IS1008c_C_head878879;nod
IS1008b_B_head521521;nod
IS1003b_C_head12121212;shake
ES2009d_A_head411411;nod
TS3011a_A_head12181218;shake
IS1008d_A_head11141116;nod
IS1000a_A_head13301331;shake
IS1003b_C_head16051606;nod
IS1003b_B_head350351;shake
TS3005b_B_head17821782;nod
IS1008c_B_head13281329;shake
IS1008c_C_head371371;nod
IS1003c_A_head16981698;shake
IS1003b_B_head13931394;nod
IS1005b_B_head20922093;nod
IS1008d_C_head13251326;shake
IS1000b_B_head12061207;nod
TS3011a_C_head14531453;shake
IS1000b_A_head378378;nod
IS1009a_C_head618619;nod
IS1009b_B_head16621663;nod
ES2009c_B_head10021002;shake
ES2008c_C_head14131413;shake
ES2003b_A_head11861187;shake
ES2003b_C_head16141617;nod
TS3005b_D_head10951095;shake
TS3005b_A_head16691669;shake
ES2008c_C_head11901191;shake
IS1004b_D_head931932;nod
ES2009c_C_head15261528;nod
TS3011b_D_head223225;nod
IS1008c_D_head10021004;shake
IS1004d_A_head14741480;shake
TS3011b_C_head906907;shake
IS1004c_A_head513515;nod
IS1008d_A_head10801080;shake
IS1008c_C_head897901;nod
TS3005a_D_head828828;nod
TS3005b_D_head15251525;nod
IS1006d_A_head16881688;nod
IS1009c_B_head229230;nod
IS1004b_A_head14991500;nod
IS1005b_D_head20422043;shake
IS1004b_A_head568569;nod
ES2003b_C_head15791580;nod
ES2008b_A_head13491351;nod
IS1001c_B_head425425;shake
IS1001b_B_head14331434;nod
IS1008c_B_head174175;nod
IS1004d_A_head15561558;nod
IS1000b_C_head20892090;nod
IS1008b_C_head14431443;shake
IS1000b_D_head893893;nod
IS1004d_A_head706709;nod
IS1004b_C_head928928;nod
ES2009c_B_head927928;nod
ES2008a_A_head794794;nod
ES2009c_C_head14071408;nod
IS1004b_B_head21322133;nod
IS1009b_B_head12801281;nod
IS1009a_B_head792795;nod
IS1008b_B_head14141416;nod
IS1008c_A_head4343;nod
TS3005a_C_head12221222;shake
IS1009c_C_head14621465;nod
IS1005a_D_head703703;shake
IS1006c_A_head14001400;nod
IS1008d_A_head292293;shake
ES2008c_C_head786787;shake
ES2009d_B_head773773;shake
IS1004b_A_head244244;shake
IS1000a_A_head13721373;shake
TS3011a_A_head10251025;shake
ES2003a_A_head819819;shake
IS1004b_D_head174174;shake
IS1006c_A_head398398;nod
IS1005c_C_head15641565;nod
IS1004c_B_head812813;shake
IS1005b_A_head12421243;nod
IS1003a_C_head385386;shake
IS1009d_A_head117117;shake
IS1004d_C_head702703;nod
TS3005a_C_head11261128;shake
IS1003c_A_head522523;shake
IS1008b_C_head14651466;shake
IS1006d_C_head12561257;nod
TS3005b_D_head15021503;shake
IS1004c_D_head587590;shake
IS1004c_C_head16661666;shake
ES2009c_B_head579579;nod
ES2008a_B_head607608;shake
IS1004c_A_head16651665;shake
IS1009b_B_head409409;nod
ES2008b_D_head13151315;nod
ES2009c_C_head701701;nod
ES2008c_C_head19041905;nod
IS1000b_A_head20662066;shake
IS1000b_D_head18251825;nod
IS1008c_A_head15091509;nod
IS1005b_D_head12991300;shake
IS1008b_C_head542543;shake
IS1005c_A_head5757;nod
IS1004b_A_head20542055;shake
IS1008c_A_head11021103;nod
IS1008c_B_head709709;shake
IS1008c_C_head759759;nod
IS1003b_C_head10181018;nod
ES2009d_B_head606606;nod
IS1008c_D_head10301030;nod
IS1008d_C_head896896;shake
IS1006d_C_head16551656;shake
ES2008d_B_head23082308;nod
IS1004c_C_head17351735;shake
IS1003b_C_head15651566;nod
IS1005b_A_head14691470;shake
IS1001b_A_head16231623;shake
IS1004d_C_head19301930;nod
IS1003c_A_head12191220;shake
TS3005a_D_head858860;nod
IS1004b_A_head550551;nod
IS1000b_A_head20162017;shake
IS1008d_A_head12101213;nod
ES2009c_B_head18171818;shake
ES2008c_A_head18571872;nod
ES2009d_B_head836836;shake
ES2008d_B_head873874;nod
IS1008b_B_head15521552;shake
IS1008d_C_head13211323;shake
ES2008a_C_head865866;nod
ES2003b_A_head17061707;nod
IS1001d_A_head473473;shake
IS1001a_C_head660661;nod
IS1006c_A_head17111711;nod
IS1003c_A_head909909;shake
ES2008c_A_head16881688;shake
IS1001b_D_head20452045;shake
IS1009d_C_head833834;nod
IS1003c_A_head662663;shake
ES2008b_B_head646647;nod
ES2008c_C_head11511151;nod
ES2008b_C_head12961297;nod
TS3005b_C_head747748;nod
IS1004c_B_head13471347;nod
IS1005c_A_head15051506;shake
IS1003b_C_head11641165;nod
TS3011b_C_head886886;shake
ES2003b_A_head17831784;shake
ES2008b_D_head18221823;shake
IS1008b_B_head16701671;shake
ES2003b_D_head17261730;nod
IS1000b_D_head706707;nod
IS1008b_C_head14711472;shake
IS1009d_B_head143143;nod
IS1008c_C_head210210;nod
IS1009c_B_head143146;nod
IS1003b_C_head10711072;nod
IS1006c_A_head567568;shake
IS1005c_D_head11741175;nod
ES2003b_B_head18671868;shake
IS1009b_B_head14611462;shake
ES2008a_A_head830832;nod
TS3011a_C_head13791380;shake
ES2009d_A_head16231624;shake
ES2009c_B_head15851585;shake
IS1003c_A_head799799;nod
ES2008d_B_head17481748;shake
IS1006d_C_head16361636;nod
IS1003a_B_head319323;nod
IS1004c_D_head10561057;nod
IS1003b_C_head974974;nod
IS1000b_B_head362363;nod
IS1001c_B_head437437;shake
ES2009d_B_head16331634;shake
IS1001b_C_head910910;nod
ES2003b_A_head14351435;nod
IS1003b_A_head9898;shake
IS1004d_D_head664665;shake
IS1008d_A_head569571;nod
ES2008b_D_head17741776;shake
IS1005b_D_head19952003;nod
TS3005b_D_head15811582;shake
IS1004c_D_head16211622;shake
ES2008a_C_head765766;nod
IS1004d_A_head888890;nod
IS1004a_D_head506507;nod
IS1004d_C_head395396;nod
ES2008b_A_head14061406;nod
IS1009b_B_head17991800;nod
IS1003b_C_head14801481;shake
ES2008a_D_head875877;nod
ES2003a_B_head870871;nod
IS1004c_B_head269269;shake
ES2008d_B_head16031604;shake
ES2008b_B_head11751176;shake
TS3005b_D_head15981598;shake
ES2009c_B_head17261726;nod
ES2008a_A_head751754;nod
IS1009d_B_head6061;nod
TS3005b_C_head477478;nod
IS1001b_D_head13411342;shake
TS3005b_D_head14221422;nod
IS1000b_A_head21462146;shake
TS3011b_D_head377385;nod
IS1008c_B_head14941496;shake
IS1008d_C_head11021103;shake
ES2009d_B_head11101111;nod
IS1003c_A_head397398;shake
IS1008d_C_head13191321;shake
IS1009c_B_head10381039;nod
TS3005b_C_head20702070;nod
IS1005c_A_head12971299;shake
IS1009a_C_head665667;shake
IS1005c_A_head12941294;shake
IS1008d_A_head841843;nod
IS1008c_D_head14851486;nod
IS1004d_C_head545545;shake
IS1001b_B_head688689;shake
IS1008b_C_head13981398;shake
IS1006d_C_head16131613;shake
IS1005c_B_head11521153;shake
IS1003a_B_head469472;nod
IS1008d_A_head12261228;nod
IS1008d_C_head12061207;nod
IS1004d_A_head988990;shake
ES2008a_B_head520521;nod
TS3011a_D_head13021303;shake
IS1005c_C_head19081908;nod
IS1005c_A_head10941095;nod
ES2008b_C_head18651865;shake
ES2008a_B_head747747;nod
TS3005b_D_head15991599;shake
IS1009b_C_head985985;shake
IS1001b_C_head199200;shake
IS1009d_B_head15311532;nod
IS1006d_A_head15611561;nod
IS1001b_A_head322323;nod
IS1005b_B_head18531856;nod
IS1008d_C_head13171317;shake
ES2008d_C_head244245;shake
IS1009d_B_head741750;nod
ES2008c_A_head18461846;shake
IS1008c_C_head12991303;nod
ES2008d_B_head22802281;shake
IS1008b_C_head14111411;shake
ES2008b_D_head333333;shake
ES2008c_A_head974976;nod
IS1004b_A_head19341936;shake
IS1008c_C_head238238;nod
ES2003b_C_head12871288;nod
TS3005b_D_head13911391;nod
ES2009d_B_head15371538;nod
TS3005b_D_head11961196;shake
IS1009d_B_head17431745;nod
TS3005b_D_head13451347;shake
IS1008b_B_head971971;nod
IS1004c_A_head591592;nod
IS1004d_C_head941942;shake
TS3011b_A_head457457;shake
IS1004c_D_head104106;shake
IS1004c_B_head517518;shake
IS1008c_A_head12621263;shake
IS1005b_D_head15931594;nod
IS1009c_C_head13711373;shake
IS1005b_D_head11891193;nod
TS3005b_A_head956956;nod
IS1008c_C_head652653;nod
ES2003b_B_head20202021;shake
ES2008d_D_head508509;shake
IS1009b_C_head264265;shake
ES2008b_B_head226227;shake
TS3005b_A_head19651966;shake
ES2008c_A_head13401341;nod
IS1008c_B_head13191320;shake
IS1000b_A_head20032004;shake
IS1008c_C_head258258;nod
IS1006d_C_head17231723;nod
IS1000b_B_head922923;shake
ES2008c_A_head10721073;nod
IS1003c_A_head256257;shake
IS1004c_A_head16331634;nod
ES2008d_B_head17621765;nod
IS1009c_C_head436440;nod
ES2008d_B_head20872088;shake
ES2008c_A_head479481;nod
ES2003b_B_head18681869;shake
IS1008b_D_head12121214;shake
ES2008d_D_head18171817;nod
ES2008a_B_head727728;nod
IS1008d_A_head627627;nod
TS3005b_D_head11541155;shake
ES2009c_C_head11041104;shake
IS1001c_A_head10001000;nod
TS3005a_D_head10751076;shake
IS1000b_C_head323324;nod
IS1008d_A_head764767;nod
ES2008a_D_head10121014;nod
TS3011a_A_head858859;nod
IS1009b_B_head734737;nod
IS1008b_D_head10901091;shake
TS3011b_D_head372375;nod
IS1009b_C_head19992001;nod
TS3005a_D_head10321034;nod
IS1008d_C_head880880;nod
IS1006d_A_head421421;nod
IS1005b_C_head17051705;nod
IS1008c_B_head10771077;nod
IS1005a_D_head103104;nod
IS1004a_D_head765766;nod
ES2009c_C_head19241925;nod
IS1004b_C_head570570;nod
TS3005b_B_head21042105;shake
ES2008d_B_head19431943;shake
ES2008c_A_head14411441;shake
IS1009b_D_head11571158;nod
IS1006c_A_head10571058;nod
ES2008b_C_head17811782;nod
TS3003a_C_head183183;nod
IS1005c_A_head289289;nod
TS3011a_B_head14361437;nod
IS1009b_D_head19992000;nod
ES2009d_A_head189189;shake
IS1004b_A_head20802087;shake
IS1006d_A_head992992;shake
IS1008b_B_head15001500;shake
TS3005a_A_head740740;nod
ES2008b_B_head20242025;shake
IS1003c_A_head15121512;shake
ES2008b_D_head17851786;shake
IS1009d_B_head320321;nod
ES2008c_A_head19331941;nod
IS1005b_B_head236241;nod
TS3005b_D_head10341035;shake
IS1008d_A_head879881;nod
IS1008b_B_head555556;shake
IS1008c_D_head11661167;shake
IS1009c_B_head606606;shake
IS1000b_C_head20852086;nod
ES2003a_B_head309309;shake
IS1001c_B_head886887;shake
IS1008c_D_head550550;shake
IS1008c_A_head14221422;nod
IS1009d_C_head942943;nod
IS1008c_B_head682683;shake
ES2009d_B_head11721173;nod
IS1001c_C_head12901291;nod
ES2008b_D_head16661666;nod
ES2009d_B_head15401540;nod
ES2008d_B_head23252325;shake
IS1004c_A_head17151716;shake
IS1009a_A_head503503;shake
IS1003b_C_head12201221;nod
IS1008c_C_head11681171;nod
IS1003a_B_head438438;nod
IS1000a_A_head13691370;shake
IS1001d_B_head621627;nod
IS1000b_A_head318319;nod
TS3005b_D_head15831584;nod
IS1008d_A_head293294;shake
TS3005a_D_head12421243;shake
IS1003b_C_head14771477;nod
IS1004d_D_head496497;shake
IS1005c_B_head15741575;shake
IS1001a_C_head363363;nod
IS1009b_C_head838842;shake
ES2003b_A_head13761376;shake
IS1004d_C_head15291531;shake
IS1003b_C_head13171317;nod
ES2009d_B_head17161716;nod
IS1008c_B_head14121414;nod
IS1000b_A_head393393;nod
IS1008b_D_head898898;shake
IS1004d_A_head17191721;shake
IS1001d_C_head551552;nod
TS3005b_D_head21352136;nod
IS1008b_D_head880881;shake
IS1008c_A_head9193;nod
IS1009d_C_head439440;shake
IS1009d_A_head16101611;shake
IS1008b_C_head16871688;shake
IS1000b_D_head16461647;shake
IS1008d_C_head974974;nod
IS1004d_C_head10431044;shake
TS3005a_D_head10631063;shake
TS3005b_D_head984985;shake
TS3011b_D_head652656;shake
IS1004b_A_head21242125;nod
IS1009c_C_head874874;shake
ES2003b_B_head19751975;shake
IS1008d_C_head101102;nod
IS1008c_B_head12461248;nod
IS1000b_B_head10311031;nod
IS1008d_A_head12521254;nod
IS1000d_D_head16331633;shake
IS1009d_B_head694695;nod
IS1001d_C_head711711;nod
IS1006d_A_head947947;nod
IS1005b_A_head14941496;shake
TS3005a_C_head192192;nod
ES2008c_A_head17471748;shake
IS1008d_A_head12791284;nod
IS1008b_D_head12761277;shake
IS1000d_D_head15391539;shake
ES2008b_B_head18921893;nod
ES2008b_B_head10601060;nod
IS1003b_C_head13491349;shake
IS1009c_B_head874875;nod
TS3005b_B_head21142114;nod
IS1008c_C_head434435;shake
TS3005b_D_head12001201;nod
TS3005b_B_head986986;nod
IS1003a_D_head413414;shake
IS1008b_B_head409409;shake
TS3011a_A_head14241424;shake
ES2008d_B_head23632364;shake
ES2008b_D_head16961698;nod
IS1008b_B_head983984;nod
IS1009a_A_head220221;shake
IS1004d_C_head938939;shake
TS3011b_C_head899900;shake
ES2008a_A_head941941;nod
IS1008b_C_head10081009;shake
ES2008d_B_head178178;shake
IS1006d_A_head299300;nod
IS1008c_C_head9393;nod
TS3005a_D_head839841;shake
IS1004c_B_head22262227;shake
ES2008c_A_head16031603;shake
ES2008b_B_head13451348;shake
IS1006d_D_head16811681;nod
TS3005b_D_head14491451;shake
ES2008c_A_head13121314;nod
ES2008d_D_head22452246;nod
IS1008b_B_head232232;shake
IS1004c_C_head15311531;shake
IS1004d_D_head589590;shake
IS1009b_B_head949950;nod
IS1004a_C_head192192;shake
IS1001b_B_head13571357;nod
IS1009b_A_head870872;shake
ES2008b_A_head678679;nod
ES2008c_A_head837843;nod
IS1009b_D_head10341035;shake
IS1009b_C_head284287;nod
IS1009c_B_head12501250;nod
IS1006c_A_head570571;shake
IS1005b_A_head20632064;shake
IS1008b_D_head10871090;shake
IS1001b_C_head15371538;shake
IS1000d_D_head383384;nod
TS3011a_C_head13781378;shake
IS1000b_D_head22762277;shake
ES2008b_A_head18411841;shake
ES2008d_B_head432433;shake
ES2008d_B_head22852286;shake
IS1006c_A_head14371437;shake
IS1005c_A_head11341134;shake
IS1004b_C_head14151415;shake
ES2008c_A_head16351642;nod
IS1009d_D_head740743;nod
IS1008b_C_head14801481;shake
TS3005b_C_head19341934;nod
IS1006d_A_head10641064;shake
IS1003b_B_head677678;shake
IS1005c_D_head17291730;shake
IS1006c_A_head18261827;shake
IS1000b_B_head537538;nod
TS3005a_B_head952953;nod
IS1006c_A_head10071007;nod
IS1000b_A_head20182018;shake
IS1004d_A_head997997;nod
IS1008b_B_head438440;nod
IS1009c_B_head12841285;nod
ES2008d_B_head20952095;nod
ES2003b_A_head14361436;shake
IS1000d_D_head15591559;shake
IS1004b_D_head16611663;nod
IS1005c_C_head9696;shake
IS1000b_B_head21602160;nod
IS1008b_C_head16991700;nod
IS1001b_B_head19251925;shake
ES2003b_C_head10591060;nod
ES2008d_C_head521521;nod
IS1005c_A_head14971501;nod
IS1006d_A_head16131613;shake
IS1004c_C_head20782079;nod
IS1008c_C_head13801380;nod
IS1008c_C_head221222;nod
IS1000b_A_head456456;shake
IS1009b_B_head841842;nod
IS1003c_A_head552553;shake
IS1006d_A_head847848;nod
IS1008c_C_head803806;nod
IS1008b_C_head14531454;nod
IS1008c_B_head591592;shake
IS1008d_A_head13351335;shake
TS3005b_B_head19981998;nod
IS1003a_C_head492492;shake
IS1008c_C_head11661167;nod
ES2008b_D_head18991900;nod
IS1004c_A_head21912192;shake
ES2009c_B_head13621363;shake
IS1008c_B_head163163;nod
ES2003b_D_head137137;shake
IS1008c_C_head475475;nod
ES2003b_D_head285286;shake
ES2009d_A_head108109;shake
IS1000b_D_head21672167;shake
IS1000b_B_head13811382;nod
ES2008d_D_head561561;shake
TS3005a_A_head940940;nod
ES2008d_B_head19411943;shake
IS1004b_D_head17011702;nod
IS1005b_A_head20662067;shake
IS1009c_C_head521522;nod
IS1009c_B_head14061409;nod
IS1001c_C_head14141415;shake
IS1009d_B_head247249;nod
IS1008b_C_head13971397;nod
ES2008b_B_head18961897;nod
ES2009d_A_head18841886;shake
IS1004b_A_head21202121;nod
IS1008c_C_head530530;shake
IS1009b_A_head10351036;nod
ES2009d_B_head10521053;nod
ES2003b_A_head20312031;shake
IS1008d_C_head13151316;nod
IS1008c_C_head691692;nod
IS1005b_D_head14801481;nod
IS1004b_A_head21182119;shake
TS3005b_D_head11411142;shake
IS1000d_D_head24892490;nod
IS1000b_C_head455457;nod
ES2008d_B_head409410;shake
IS1008c_B_head672672;nod
IS1004b_C_head222223;shake
IS1003b_C_head13461346;shake
TS3011a_C_head11321132;shake
TS3005b_B_head15961597;shake
IS1008c_A_head9899;shake
IS1005a_D_head234235;nod
IS1001c_A_head13941395;shake
ES2008b_A_head862865;nod
IS1008c_C_head13351336;nod
IS1009d_B_head15731575;nod
IS1004b_A_head15851587;nod
ES2009c_B_head15831584;shake
TS3005b_A_head386388;shake
TS3005b_D_head10031003;shake
ES2008c_A_head381385;nod
IS1008c_A_head12671268;shake
ES2003b_B_head20952096;nod
IS1000b_B_head322323;nod
IS1008d_C_head102103;shake
