TS3005b_B_head19001900;nod
ES2009d_B_head16941694;nod
IS1009c_B_head754758;nod
IS1004b_B_head15271528;nod
ES2009d_A_head17541754;nod
IS1004d_A_head546547;shake
IS1004d_B_head11751177;nod
TS3005b_D_head15891589;nod
IS1000a_D_head11381139;nod
ES2008d_B_head482484;nod
TS3005b_A_head12101210;nod
ES2009d_A_head357358;nod
IS1006c_A_head18901891;nod
TS3005b_C_head20932093;nod
IS1001d_C_head551552;nod
IS1008c_C_head183184;nod
IS1000b_A_head22612262;nod
IS1009c_C_head16191620;nod
TS3011a_C_head12141215;nod
IS1009b_C_head16041605;nod
IS1004c_D_head10711072;nod
IS1000b_C_head640641;nod
IS1008b_B_head672674;nod
IS1009b_B_head734737;nod
ES2008a_D_head858859;nod
IS1009c_C_head831832;shake
IS1000b_C_head22372237;nod
TS3011b_C_head745746;nod
ES2008b_B_head18081809;nod
IS1000b_C_head429430;nod
IS1008b_C_head430431;nod
IS1009a_B_head488494;nod
IS1006d_C_head17641764;nod
IS1005b_C_head16891689;nod
IS1003c_A_head256257;shake
IS1004d_A_head13311332;nod
IS1005c_D_head275277;nod
TS3005b_C_head15711572;nod
IS1005c_A_head11041106;nod
IS1005b_D_head12791281;nod
IS1008b_D_head10821082;nod
IS1004d_A_head19311931;nod
TS3011a_C_head147148;nod
IS1009c_B_head743744;nod
ES2008a_D_head546546;shake
IS1004c_C_head396397;nod
IS1006c_A_head18371837;nod
IS1008d_A_head12791284;nod
ES2003a_C_head813814;nod
ES2008b_B_head10481049;shake
IS1008c_D_head10301030;nod
IS1004c_B_head470470;nod
IS1000d_D_head10541054;nod
IS1008b_B_head681683;nod
ES2003a_C_head729730;nod
IS1005b_B_head829830;nod
IS1003b_D_head13761377;nod
IS1009b_B_head18581859;nod
IS1009a_B_head431433;nod
IS1008d_C_head558558;nod
IS1009b_B_head18941895;nod
IS1001b_D_head10991100;nod
IS1008d_C_head963964;nod
IS1003c_A_head13601361;nod
ES2003b_B_head176176;shake
IS1000b_A_head18451845;nod
TS3005b_D_head12681270;nod
IS1009d_B_head18301831;nod
IS1008c_C_head650651;nod
IS1003c_A_head12361237;nod
IS1004c_A_head18851885;shake
IS1008c_C_head14021403;nod
IS1008d_A_head814818;nod
IS1009d_B_head17161717;nod
IS1009a_A_head503503;shake
IS1004d_C_head11021103;nod
TS3005b_C_head16921692;nod
IS1005c_C_head14691470;nod
IS1006d_A_head869869;nod
IS1005a_A_head765766;nod
ES2008a_B_head747747;nod
ES2008c_A_head901903;nod
TS3005b_B_head22522252;nod
IS1005c_A_head13531355;nod
IS1004b_C_head15111511;nod
ES2008d_D_head16521653;nod
IS1008c_A_head546547;nod
TS3011b_A_head546548;nod
IS1004c_D_head304304;shake
IS1008b_C_head10061006;nod
ES2008b_B_head13451348;shake
TS3011b_C_head874876;nod
IS1001c_B_head835836;nod
IS1008c_C_head165166;nod
IS1008d_C_head11021103;shake
IS1000b_A_head441442;nod
ES2009c_C_head797798;nod
ES2008d_B_head397398;nod
IS1008c_A_head12621263;shake
IS1005b_A_head20552056;nod
IS1003b_C_head947948;nod
TS3005b_B_head23062307;nod
TS3011a_B_head11491152;nod
IS1009c_B_head840841;nod
TS3005a_A_head11181120;nod
ES2003b_B_head15041504;nod
IS1008c_C_head861861;nod
IS1000b_B_head744745;nod
IS1008d_A_head971972;nod
IS1003b_C_head12031203;nod
ES2008b_A_head11401147;nod
TS3005b_C_head22402241;nod
TS3005a_D_head876877;nod
IS1000b_A_head535536;nod
IS1009c_B_head17811781;nod
IS1005b_A_head17141715;nod
IS1005b_D_head10911091;nod
IS1006c_A_head10951095;nod
IS1000a_D_head12491249;nod
IS1008c_B_head682683;shake
IS1009c_B_head10171020;nod
ES2008b_C_head19001900;nod
IS1000a_C_head13721373;nod
IS1009b_B_head690694;nod
IS1008d_C_head13641365;nod
TS3005b_A_head15821583;nod
IS1003b_C_head11391140;nod
IS1009c_C_head17371738;nod
IS1004b_C_head10551055;nod
IS1008b_C_head11921193;nod
IS1008b_C_head234234;nod
IS1008b_B_head438440;nod
IS1003b_C_head10831084;nod
TS3005b_C_head484485;nod
ES2008c_A_head12351238;nod
ES2003b_B_head16521653;nod
IS1008b_B_head289289;nod
IS1006d_C_head16761676;nod
IS1009b_C_head162162;nod
ES2009d_A_head230231;nod
IS1004d_C_head706707;nod
IS1006d_C_head17341735;nod
IS1008b_B_head16571659;shake
ES2008d_B_head16651665;nod
IS1004b_D_head369370;nod
IS1008c_C_head652653;nod
ES2008c_C_head20502051;nod
IS1008c_C_head154155;nod
TS3011a_C_head14461447;nod
IS1009d_C_head836837;nod
IS1008b_D_head821822;nod
IS1009c_C_head575576;nod
IS1006d_A_head18031803;nod
IS1004c_B_head304305;nod
IS1004d_A_head12511252;nod
IS1006c_A_head247247;nod
ES2009d_B_head11261127;nod
IS1006d_C_head10761076;nod
ES2008d_B_head23082308;nod
IS1008d_C_head878879;nod
ES2009d_B_head13431344;nod
IS1009b_A_head12801282;nod
IS1005b_A_head427428;nod
ES2008b_A_head10371042;nod
IS1001c_B_head819820;nod
IS1009a_B_head617621;nod
IS1003a_B_head372375;nod
IS1004d_A_head302306;nod
ES2008d_C_head628628;nod
IS1004d_A_head256258;nod
ES2009d_B_head17161716;nod
ES2008b_B_head19421943;nod
IS1003b_D_head13151316;nod
IS1009b_C_head16591660;nod
IS1003b_D_head12051206;nod
TS3005b_C_head874875;nod
IS1008c_A_head445448;nod
TS3005b_B_head19421944;nod
IS1008c_A_head15041505;nod
IS1003c_A_head11901191;nod
TS3003a_D_head12931293;nod
IS1005c_A_head12971299;shake
IS1000b_B_head11781178;nod
IS1006d_A_head384384;nod
IS1003a_B_head813813;nod
ES2008d_D_head18171817;nod
TS3011a_A_head10251025;shake
ES2008c_A_head19751977;nod
ES2008c_A_head927928;nod
IS1006d_C_head18041805;nod
TS3011a_C_head14531453;shake
IS1005b_D_head640643;nod
IS1005c_A_head829830;nod
IS1008c_A_head14371438;nod
IS1009b_C_head14091409;nod
TS3011b_C_head9697;nod
TS3011a_B_head940940;nod
IS1001b_C_head17251726;nod
IS1005c_B_head19861992;nod
IS1004b_A_head18561859;nod
IS1008b_B_head15911592;nod
IS1009b_A_head17541758;nod
ES2008c_A_head16911694;nod
IS1008d_A_head967967;nod
IS1008c_D_head12091209;nod
IS1009b_B_head15971597;nod
TS3011b_D_head646647;nod
IS1005b_D_head782783;nod
ES2008b_C_head17221723;nod
IS1003b_B_head449450;nod
IS1003c_A_head553553;shake
IS1004b_B_head21322133;nod
IS1008b_B_head10351038;nod
ES2008d_B_head21622163;shake
TS3005b_B_head20322032;nod
IS1008c_A_head12461247;nod
IS1008c_D_head12471249;nod
IS1008d_C_head10381039;nod
IS1009a_C_head489491;nod
ES2003b_D_head137137;shake
IS1001c_B_head11741174;nod
IS1004c_A_head16081611;nod
IS1005b_D_head21412144;nod
ES2009c_B_head10541054;shake
IS1004a_D_head429429;nod
IS1008d_C_head932933;shake
IS1008b_D_head16741674;nod
IS1006c_A_head14671468;nod
ES2008d_C_head282282;nod
ES2008b_A_head15471553;nod
IS1004b_A_head19541954;shake
IS1009c_C_head16261627;nod
ES2009d_B_head666666;nod
IS1003c_A_head552553;shake
IS1009d_C_head701701;nod
TS3005b_C_head470471;nod
IS1009d_B_head654656;nod
ES2003b_C_head20222023;nod
IS1009d_B_head13221325;nod
ES2003b_D_head11511152;nod
IS1005b_C_head17651766;nod
ES2008c_A_head19461947;nod
IS1008b_C_head14641464;nod
IS1004c_B_head17991800;nod
ES2008b_B_head20832083;nod
IS1006c_A_head13341334;nod
IS1009c_B_head10121014;nod
IS1006d_C_head10371037;nod
IS1004d_A_head687687;nod
ES2008c_A_head861862;nod
IS1009c_B_head13391340;nod
ES2008c_A_head814820;nod
IS1009a_B_head131132;nod
IS1009b_C_head16411643;nod
IS1009c_B_head171172;nod
ES2008b_A_head312314;nod
TS3005b_A_head19311931;nod
IS1009d_C_head16841684;nod
IS1009c_C_head125126;nod
ES2009d_B_head611611;nod
IS1001b_C_head19061907;nod
IS1004d_C_head15231523;shake
IS1000b_C_head256257;nod
ES2008d_D_head17501751;nod
IS1004d_A_head913914;nod
ES2008d_B_head25992599;shake
IS1006c_A_head367367;nod
IS1009d_A_head17701771;nod
IS1008b_D_head828829;nod
ES2008a_D_head923923;nod
IS1008c_C_head14091410;shake
ES2008a_A_head535537;nod
IS1005a_A_head787787;nod
ES2008d_D_head13491350;nod
IS1008c_A_head12911291;nod
ES2008b_C_head602602;nod
IS1001c_C_head755756;nod
IS1009b_D_head426426;nod
IS1008d_A_head652652;nod
ES2008c_A_head14331433;nod
TS3005b_D_head13451347;shake
IS1008c_C_head101102;nod
IS1009d_B_head17341735;nod
IS1000d_D_head383384;nod
TS3005b_D_head16871689;nod
TS3011b_A_head306307;nod
ES2008a_A_head565567;nod
ES2008d_C_head974977;nod
TS3011a_C_head354354;nod
ES2009c_B_head289290;nod
IS1009a_C_head618619;nod
IS1005b_D_head10201022;nod
ES2008c_A_head344346;nod
IS1004c_D_head15961597;nod
IS1009d_B_head13081310;nod
IS1009b_C_head284287;nod
ES2009c_C_head855855;nod
IS1004d_C_head463464;nod
IS1004c_C_head17001701;nod
IS1004d_A_head877881;nod
IS1008d_C_head974974;nod
IS1008d_A_head636637;nod
IS1009c_C_head399401;nod
IS1004b_D_head662663;nod
IS1008d_A_head474475;nod
ES2008d_D_head24562457;nod
IS1003a_B_head392392;nod
ES2008a_D_head830830;nod
ES2008b_A_head650652;nod
IS1000b_A_head15571558;nod
IS1009b_C_head19191920;nod
ES2008b_A_head13451347;nod
IS1004b_D_head17991800;shake
IS1008d_A_head839840;nod
ES2008d_B_head23102310;shake
IS1003b_B_head384385;nod
IS1005c_C_head9696;shake
ES2008d_C_head521521;nod
IS1005a_D_head911911;nod
IS1008c_B_head15021503;nod
IS1004c_C_head10161016;nod
TS3005b_B_head11911192;nod
ES2008d_B_head16031604;shake
IS1005b_D_head494496;nod
IS1003b_C_head13531353;nod
ES2008b_C_head12291229;shake
IS1006d_A_head196196;nod
IS1009b_D_head16981698;shake
IS1008c_C_head13311335;nod
IS1009d_A_head16101611;shake
IS1004a_D_head603603;nod
TS3005b_C_head19951995;nod
IS1000b_D_head698698;shake
ES2009c_C_head852853;nod
IS1008b_B_head17111712;nod
IS1001b_C_head13801380;nod
TS3005b_C_head15481549;nod
IS1005a_C_head266267;nod
IS1009b_C_head18991901;nod
IS1008c_A_head14601462;nod
IS1001b_B_head13511351;nod
ES2008b_A_head983985;nod
TS3011a_C_head10591060;shake
IS1004b_A_head21182119;shake
IS1009b_C_head17081709;nod
ES2009c_B_head15711571;nod
IS1009b_B_head672675;nod
IS1004b_A_head15991602;nod
TS3011a_D_head883884;nod
IS1008d_A_head292292;nod
IS1004b_D_head931932;nod
IS1008c_A_head12811282;nod
ES2008c_C_head934935;nod
ES2008c_A_head18861887;nod
IS1005c_C_head18911891;nod
ES2008b_D_head18091810;shake
IS1006d_C_head11011102;nod
IS1005a_C_head666667;nod
ES2008b_A_head19401945;nod
IS1004c_A_head576578;nod
IS1004d_B_head441441;nod
IS1009b_C_head12451247;nod
IS1008b_B_head15511552;nod
IS1000a_D_head12291230;nod
IS1009b_B_head13771379;nod
IS1004b_C_head922922;nod
IS1009d_A_head919919;shake
IS1003b_C_head11641165;nod
ES2009d_B_head836836;shake
ES2008b_A_head15541559;nod
IS1004b_D_head13881389;nod
ES2008b_A_head862865;nod
IS1008c_A_head997999;nod
TS3003a_A_head13761377;nod
ES2008b_B_head20242025;shake
ES2008c_A_head18481850;nod
ES2009c_B_head477478;nod
ES2003b_B_head19841985;nod
TS3005a_D_head10341035;shake
IS1009b_C_head959960;nod
IS1008c_A_head7879;nod
IS1000b_A_head492492;nod
ES2009c_C_head769770;nod
IS1008c_B_head10711072;nod
ES2003b_D_head11041104;nod
IS1005b_A_head17831785;nod
ES2009c_B_head17211723;nod
IS1009d_D_head391392;nod
ES2009d_A_head12611261;nod
IS1009b_D_head706707;nod
IS1000b_B_head461462;nod
IS1004b_A_head585586;nod
IS1008c_C_head11661167;nod
IS1005b_B_head883884;nod
ES2008a_A_head808810;nod
TS3005b_D_head11051105;shake
IS1009a_B_head573575;nod
ES2008d_B_head23252325;shake
ES2008a_B_head718719;shake
IS1006d_A_head851852;nod
ES2008a_B_head737738;nod
IS1003c_A_head15501550;nod
IS1009c_C_head142144;nod
TS3005b_B_head823825;nod
IS1008b_D_head846847;nod
IS1009b_B_head977980;nod
IS1000a_D_head14091409;nod
IS1009c_C_head16791680;nod
IS1008d_A_head412413;nod
ES2003a_A_head728729;nod
TS3005a_B_head179179;nod
TS3005b_B_head13011302;nod
IS1004b_A_head14011401;nod
IS1009a_B_head107107;nod
IS1004b_D_head209210;nod
TS3011a_A_head958960;nod
IS1003b_C_head13331334;shake
IS1009b_D_head381382;nod
IS1008b_C_head10531054;nod
IS1004d_C_head13341335;nod
ES2008d_B_head20122013;nod
IS1008d_C_head13651366;nod
ES2008b_D_head19181921;nod
IS1009d_C_head13391339;nod
IS1008c_C_head13881388;nod
IS1006d_A_head407408;nod
ES2003a_B_head10141015;nod
IS1008c_A_head14111412;nod
TS3005b_D_head15811582;shake
IS1005c_D_head11481150;nod
IS1001d_B_head254254;nod
IS1009b_D_head361361;nod
ES2008d_B_head178178;shake
IS1000b_A_head16291629;nod
ES2009c_C_head15261528;nod
IS1008c_A_head15011502;nod
IS1006d_A_head15611561;nod
IS1009c_B_head12601264;nod
ES2008b_A_head17141714;nod
IS1004b_C_head553554;nod
TS3005a_A_head942942;nod
IS1005c_A_head888889;nod
IS1004d_A_head393393;nod
ES2008a_B_head654655;nod
ES2008d_B_head24752476;nod
IS1005b_A_head11501151;nod
ES2008b_D_head378379;nod
IS1008d_A_head315316;nod
IS1009b_C_head18331837;nod
IS1009d_A_head14851485;nod
IS1004d_A_head767770;nod
IS1000b_B_head427428;nod
IS1004a_D_head681683;nod
IS1005c_A_head259261;nod
IS1005b_D_head540541;shake
IS1004c_C_head690691;nod
IS1009a_A_head459459;nod
TS3005a_B_head557558;nod
ES2003a_D_head824824;nod
IS1004d_A_head11761178;nod
IS1009b_C_head16141619;nod
IS1009d_B_head808809;nod
IS1008c_C_head386387;nod
IS1009d_B_head17831785;nod
IS1009b_B_head381382;nod
TS3003a_B_head11281129;nod
ES2003b_B_head387387;nod
IS1005c_C_head19011901;nod
IS1005c_B_head504505;nod
IS1000b_A_head14061406;nod
IS1008b_D_head11941195;nod
IS1001d_C_head280281;nod
IS1000b_C_head22162216;nod
IS1005b_D_head20332034;nod
IS1008c_A_head302304;nod
IS1008c_C_head528529;nod
IS1005b_C_head18881888;nod
IS1008c_C_head229230;nod
ES2008d_B_head20632064;nod
IS1008d_A_head590591;nod
TS3005a_B_head582582;nod
IS1008d_C_head634635;nod
ES2003b_B_head19981999;nod
IS1004d_C_head15271528;nod
IS1009b_C_head855856;nod
IS1001b_A_head748748;nod
IS1004c_A_head292296;nod
IS1008b_D_head12351236;nod
ES2009d_A_head246246;nod
TS3005a_B_head371372;nod
IS1004c_C_head409410;nod
IS1003b_C_head537538;nod
IS1009d_C_head12831284;nod
IS1009c_C_head369370;nod
IS1008d_C_head638639;nod
TS3011a_C_head12001203;nod
IS1004c_B_head12971299;nod
IS1005c_D_head6869;nod
IS1008c_B_head513514;nod
IS1000a_D_head13161316;nod
IS1005c_C_head18971897;nod
IS1009b_B_head10861086;nod
IS1009b_C_head716717;nod
ES2003b_D_head868868;nod
IS1008b_D_head896897;shake
TS3011b_C_head784785;nod
TS3005b_C_head777778;nod
IS1009d_B_head18111811;nod
IS1005b_C_head15871587;nod
TS3005a_B_head191192;nod
ES2008a_D_head717720;nod
ES2008a_C_head883885;nod
IS1009b_B_head16071609;nod
IS1009d_D_head668669;nod
IS1009b_C_head16811682;nod
ES2008d_B_head23632364;shake
IS1009a_B_head513515;nod
ES2009c_B_head18341835;nod
ES2008b_A_head18671874;nod
ES2008c_A_head16861687;nod
IS1009a_A_head448449;shake
IS1000b_A_head21232124;nod
IS1008c_B_head735736;nod
IS1004c_B_head15191519;nod
IS1001c_C_head635636;nod
TS3011a_C_head478479;nod
IS1005b_D_head17191723;nod
IS1000b_A_head11931195;nod
ES2008b_A_head10361036;nod
ES2003a_B_head242242;nod
IS1004c_D_head22122213;nod
IS1003a_B_head340341;nod
IS1004c_A_head799800;nod
IS1005b_C_head17111715;nod
IS1008d_A_head8182;nod
IS1006c_A_head10571058;nod
IS1001b_B_head616617;nod
IS1009d_B_head13921392;nod
TS3011a_C_head11321132;shake
IS1001d_B_head251251;nod
ES2009c_C_head583583;nod
ES2003a_B_head10901090;nod
IS1009d_C_head301303;nod
ES2008d_C_head263264;nod
IS1009a_B_head653655;nod
ES2008a_C_head10221022;nod
IS1004b_A_head10501052;nod
IS1006d_C_head815815;nod
IS1008c_D_head13611364;nod
ES2008a_A_head992992;nod
IS1004b_A_head18761878;nod
IS1009b_D_head754754;nod
IS1003a_B_head420420;shake
IS1008c_C_head838839;nod
IS1005b_B_head17881789;nod
ES2003a_D_head822822;nod
ES2008b_B_head13861387;nod
TS3005b_A_head445445;nod
IS1004d_A_head15161516;shake
IS1009c_C_head592594;nod
IS1009b_D_head13221323;nod
IS1004b_A_head252253;nod
IS1000a_A_head13621362;nod
IS1009b_C_head17971798;shake
IS1008c_C_head837838;nod
IS1006d_C_head12561257;nod
TS3005b_B_head12081209;nod
ES2008d_B_head635635;nod
IS1004c_A_head869869;nod
IS1008b_B_head445445;nod
ES2008c_A_head780782;nod
IS1000b_C_head18191821;nod
ES2008b_D_head333333;shake
IS1004b_B_head819819;nod
IS1000b_A_head362363;shake
ES2009c_B_head18171818;shake
ES2008c_A_head410417;nod
ES2003b_D_head16221624;nod
IS1005a_A_head857858;nod
TS3005b_B_head708709;shake
IS1005b_C_head17601762;nod
IS1004d_A_head574575;nod
ES2008c_A_head789790;nod
ES2003b_B_head16811682;nod
TS3005b_C_head16451645;nod
ES2008d_D_head21812184;nod
IS1000b_B_head22302230;nod
IS1008d_A_head11251126;nod
ES2008b_D_head17851786;shake
IS1004b_A_head159160;nod
ES2009d_B_head629630;nod
ES2003a_A_head10501051;nod
ES2008d_C_head941942;nod
IS1008d_A_head244250;nod
IS1005b_C_head20472049;nod
IS1004b_B_head15611562;nod
ES2009d_A_head108109;shake
TS3005b_B_head17881788;nod
IS1008c_C_head279281;nod
IS1008b_B_head971971;nod
ES2003b_B_head16311632;shake
ES2008b_B_head862862;nod
ES2003b_B_head19491950;nod
IS1004a_A_head252252;nod
IS1005a_D_head688694;nod
IS1000b_C_head11421143;nod
IS1008d_A_head13471349;nod
IS1009c_B_head999999;nod
IS1004b_B_head21392140;nod
IS1008c_C_head879882;nod
ES2008b_C_head20472048;nod
IS1006c_A_head14591459;nod
ES2003b_D_head19081911;nod
IS1004b_A_head12261227;nod
IS1008c_A_head10221023;nod
ES2008a_C_head10101011;nod
IS1000b_C_head20932093;nod
IS1008c_C_head395395;nod
IS1009b_C_head171190;nod
ES2008c_A_head15831584;nod
IS1008d_C_head10441044;nod
ES2009d_A_head14091409;nod
IS1000b_B_head22212221;nod
IS1009c_B_head14471449;nod
TS3003a_D_head12221223;shake
TS3005a_D_head988988;nod
TS3011a_A_head998999;nod
IS1004c_B_head17571758;nod
IS1004c_A_head814816;nod
IS1003b_C_head10801081;nod
IS1008d_C_head13151316;nod
IS1009b_D_head196196;nod
IS1009b_B_head10221027;nod
IS1008d_C_head13211323;shake
ES2003b_B_head17221723;nod
IS1005c_A_head711711;nod
IS1008c_A_head930932;nod
IS1008d_A_head9394;nod
ES2008b_A_head376381;nod
IS1005c_B_head11521153;shake
IS1000b_C_head925926;nod
TS3011b_D_head372375;nod
IS1008d_A_head778780;nod
IS1008d_A_head10511052;nod
ES2008b_C_head18911892;nod
IS1004d_A_head236236;nod
IS1003b_B_head13371337;nod
IS1008c_A_head14251426;nod
IS1004c_B_head13471347;nod
IS1008d_A_head12521254;nod
IS1004d_C_head461462;nod
ES2009d_B_head12801281;nod
ES2008b_A_head20722076;nod
ES2008c_A_head18051812;nod
IS1001b_A_head971972;nod
IS1008b_B_head454455;nod
IS1004d_A_head17751777;nod
TS3005b_B_head20892090;nod
IS1009c_C_head16011604;nod
IS1008c_B_head729730;nod
TS3011a_A_head13911391;nod
ES2008b_B_head15151516;nod
ES2009c_B_head17381738;nod
ES2008c_A_head482484;nod
IS1009c_B_head7374;nod
IS1003a_B_head467469;nod
IS1008b_D_head818819;nod
IS1008d_A_head13871387;nod
IS1008c_B_head14111411;nod
TS3005b_B_head20802080;shake
TS3011b_D_head652656;shake
ES2009d_A_head532533;nod
ES2008d_C_head11531156;nod
IS1005a_D_head767768;nod
IS1005b_D_head14801481;nod
TS3003a_B_head11361136;nod
IS1008d_C_head13181319;nod
IS1008c_A_head15061506;nod
IS1008d_A_head13511353;nod
IS1008d_A_head879881;nod
TS3011a_C_head370371;nod
IS1008b_C_head10851086;nod
ES2008d_B_head191192;nod
IS1006c_A_head12911292;nod
TS3005b_B_head896898;shake
IS1008d_A_head984985;nod
IS1009d_B_head649650;nod
IS1006d_A_head16131613;shake
IS1005c_A_head12941294;shake
IS1009d_C_head266267;nod
IS1005b_A_head469469;shake
ES2008b_A_head104105;nod
IS1008c_C_head274275;nod
ES2008b_C_head18651865;shake
TS3005b_D_head17401740;shake
ES2003a_D_head7576;nod
IS1009d_B_head797802;nod
TS3005a_B_head739739;nod
TS3005b_D_head13391340;nod
IS1004d_C_head545545;shake
IS1000b_A_head231232;nod
IS1005b_D_head17851786;nod
TS3011b_A_head508509;nod
IS1000b_B_head922923;shake
IS1005b_C_head869870;nod
IS1004b_C_head214216;nod
IS1008c_C_head832833;nod
IS1009b_C_head16311632;nod
IS1009d_B_head822823;nod
IS1005b_B_head13831386;nod
IS1008d_A_head892895;nod
ES2008d_B_head23442345;nod
IS1008b_D_head14721472;nod
ES2009d_A_head19431943;shake
IS1004c_D_head872874;shake
ES2008a_C_head834834;shake
ES2003b_B_head20622062;nod
IS1008b_B_head518520;nod
IS1003b_C_head15211521;nod
IS1000b_C_head996998;nod
IS1000b_C_head16201623;nod
IS1003c_A_head284284;shake
IS1004b_A_head20942095;nod
IS1009b_D_head791791;nod
ES2008b_C_head14681468;nod
IS1003b_C_head15231523;nod
ES2008b_A_head20362038;nod
IS1009d_C_head13911391;shake
IS1008c_D_head10651066;nod
TS3005b_D_head13101311;nod
IS1008b_D_head10901091;shake
ES2009d_A_head457457;nod
IS1009c_B_head522523;nod
IS1005b_B_head16901690;nod
IS1004b_A_head601602;nod
IS1000b_A_head14751476;shake
IS1006c_A_head12521252;nod
IS1000d_D_head286286;nod
ES2008d_D_head22452246;nod
ES2008d_C_head11241125;nod
IS1008d_A_head440441;nod
IS1005a_D_head218220;nod
ES2008c_A_head19821987;nod
TS3005b_C_head835836;nod
IS1008b_C_head14401441;nod
IS1008c_A_head12751275;nod
ES2003b_D_head16611661;nod
IS1005c_A_head10821086;nod
IS1003b_A_head857857;nod
IS1009d_B_head409410;nod
ES2008a_A_head528532;nod
ES2009d_A_head10161018;nod
IS1000b_D_head641641;nod
IS1009d_B_head11661167;nod
IS1008c_A_head12651267;nod
ES2008b_C_head17281731;nod
IS1008d_A_head533533;nod
IS1000b_A_head20242025;shake
ES2008b_B_head646647;nod
IS1008d_A_head12421246;nod
IS1001b_A_head10641065;nod
IS1008c_C_head677677;nod
ES2008b_A_head20002000;nod
ES2008c_A_head203206;nod
IS1008d_C_head10071007;nod
IS1001d_A_head705705;nod
IS1004b_A_head17461746;nod
ES2008d_B_head414415;shake
ES2003a_B_head710710;nod
IS1005a_C_head788788;nod
IS1000b_B_head11291129;nod
IS1008b_C_head14811482;shake
IS1006d_A_head621622;nod
IS1001c_B_head12171218;nod
IS1009d_A_head817819;nod
TS3005a_D_head11281128;nod
ES2008b_A_head16351636;nod
ES2009d_A_head18351835;nod
IS1005c_C_head241242;nod
IS1008b_B_head444445;nod
IS1001d_B_head8282;nod
IS1000b_A_head17491750;nod
TS3005b_B_head411412;nod
IS1000b_B_head11311131;nod
IS1004a_A_head757757;nod
IS1004c_D_head12471248;nod
ES2003b_B_head17731774;nod
IS1009c_B_head14291429;nod
IS1009c_C_head15311532;nod
IS1000d_D_head17551755;nod
IS1000a_B_head13101311;nod
IS1006c_A_head938939;nod
IS1000b_A_head737738;nod
IS1008c_C_head301302;nod
IS1008c_B_head12441245;nod
ES2008b_B_head872873;nod
ES2008a_D_head816816;nod
TS3005b_A_head956956;nod
TS3005b_D_head17771779;shake
TS3011b_A_head447448;nod
TS3005b_A_head16051606;nod
ES2008d_A_head162163;nod
IS1008b_B_head818821;nod
ES2008a_B_head121122;nod
IS1008c_D_head13721372;nod
ES2008d_C_head278281;nod
ES2009d_A_head11551155;nod
IS1005b_D_head18551855;shake
TS3005b_B_head13551356;nod
IS1005c_A_head12921292;shake
ES2008d_B_head23312333;nod
IS1005b_D_head472473;nod
IS1008c_A_head9899;shake
IS1004d_A_head16291629;nod
IS1009b_C_head12741276;nod
IS1009b_B_head707709;nod
ES2003a_A_head782783;shake
TS3005b_B_head933935;nod
IS1008c_C_head13351336;nod
IS1004d_B_head15861586;shake
ES2008a_D_head928930;nod
IS1001c_A_head13941395;shake
ES2008b_C_head17831784;nod
TS3005b_B_head19441944;shake
IS1005c_C_head14881489;nod
IS1000b_D_head22132214;nod
IS1009d_B_head733734;nod
IS1004b_B_head17021703;nod
IS1009d_C_head702703;nod
TS3005b_C_head768770;nod
IS1004b_A_head415416;nod
ES2008b_C_head16951696;nod
ES2003b_B_head11731173;nod
ES2008a_D_head946947;nod
IS1004d_A_head313313;nod
IS1006c_A_head398398;nod
IS1000b_A_head456456;shake
ES2009c_B_head817817;nod
IS1005c_A_head167168;nod
TS3005b_D_head13171318;nod
IS1000b_B_head16711672;nod
TS3005b_B_head14691470;nod
IS1001c_B_head409410;nod
IS1006d_A_head888889;nod
ES2009d_A_head14531454;nod
ES2008b_C_head11371137;nod
IS1000b_C_head18351836;nod
ES2008c_C_head11901191;shake
TS3005b_B_head10471049;nod
IS1004c_A_head393395;nod
IS1000b_B_head21602160;nod
IS1000b_C_head19831985;nod
IS1005a_A_head819820;shake
IS1005c_A_head298299;nod
IS1006c_A_head13511351;nod
IS1000a_C_head14121413;nod
IS1005a_D_head326327;nod
IS1005b_B_head15331534;nod
ES2008d_B_head19801980;nod
IS1009b_D_head760761;nod
IS1000d_D_head16971698;nod
IS1000a_C_head13091310;nod
IS1008b_C_head560561;nod
ES2008b_D_head20742077;nod
IS1005b_B_head236241;nod
IS1005b_A_head750750;nod
TS3005b_D_head10151017;nod
IS1009a_C_head494495;nod
IS1006d_A_head245245;shake
IS1009c_A_head283284;nod
IS1008c_D_head523524;nod
IS1000a_B_head13471348;nod
IS1006d_A_head10761077;nod
IS1004d_A_head18941895;nod
IS1008c_C_head12151216;nod
IS1000a_B_head13921392;nod
IS1009b_C_head11151116;nod
IS1009d_B_head694695;nod
IS1009b_B_head16621663;nod
IS1008d_A_head11671167;nod
IS1001c_A_head662662;nod
IS1000b_B_head401401;nod
IS1008c_C_head320320;nod
IS1005c_B_head16471647;shake
TS3005b_D_head14551456;nod
ES2008a_D_head599599;nod
IS1008c_C_head308308;nod
IS1008c_A_head12841285;nod
IS1004d_B_head464464;nod
ES2008b_B_head10601060;nod
IS1001b_C_head13901390;nod
IS1003b_B_head376377;nod
TS3011a_C_head11711173;nod
IS1000b_B_head15341535;nod
IS1008c_C_head501503;nod
IS1000d_D_head16601660;nod
ES2003b_D_head18481848;shake
IS1008d_A_head848848;nod
IS1008c_B_head516516;nod
IS1001c_A_head623624;nod
ES2008a_A_head626630;nod
IS1009b_C_head838842;shake
TS3005b_D_head22522253;shake
ES2009c_B_head401402;nod
IS1001c_B_head12441244;shake
IS1004b_D_head15121512;nod
TS3005b_D_head15111512;nod
TS3011a_D_head13681375;nod
IS1001b_A_head10741075;nod
IS1005b_D_head17881789;nod
ES2008a_D_head601601;nod
IS1003b_C_head762762;nod
ES2008c_C_head16351635;shake
ES2003b_C_head18111812;nod
IS1008d_C_head404404;nod
ES2008b_A_head642644;nod
IS1008c_B_head13891389;nod
IS1009d_D_head429429;nod
ES2008d_B_head22102211;nod
IS1008b_B_head16001600;nod
ES2009c_B_head126126;nod
TS3005b_D_head11691170;nod
IS1009b_C_head991996;nod
IS1008b_D_head10601060;shake
IS1008d_A_head10811081;nod
IS1004b_B_head18401841;nod
IS1008c_C_head11831184;nod
ES2008b_B_head19411941;nod
IS1005c_B_head552555;nod
IS1008d_C_head12061207;nod
IS1009a_B_head666670;nod
IS1004c_C_head16761677;nod
IS1008d_C_head415415;nod
IS1006d_A_head13891389;nod
ES2008a_A_head244245;nod
ES2008b_A_head968969;nod
IS1009a_C_head507507;nod
ES2003b_B_head18511852;nod
IS1009b_B_head11351136;nod
IS1003b_B_head11231124;shake
ES2008b_A_head638640;nod
IS1008c_C_head581582;nod
ES2003b_B_head18091810;nod
IS1009b_D_head758759;nod
ES2003a_B_head870871;nod
IS1000b_A_head12111212;nod
ES2009d_A_head779780;nod
ES2008b_C_head14301431;nod
ES2008d_B_head21622162;nod
IS1006c_A_head570571;shake
IS1004c_A_head21912192;shake
IS1004b_A_head10601061;nod
TS3005b_C_head19041907;nod
IS1004d_A_head12481249;nod
ES2008c_A_head510510;nod
IS1000a_D_head13061307;nod
IS1005c_B_head16981699;nod
IS1001c_A_head588588;nod
IS1004b_A_head13941395;shake
IS1004b_A_head231234;nod
IS1009c_A_head222223;nod
TS3005a_D_head10591060;nod
IS1009c_A_head295296;shake
IS1009d_D_head708708;nod
IS1009b_C_head544545;nod
ES2008b_D_head13481349;shake
ES2009d_B_head17061706;nod
IS1008d_A_head678679;nod
IS1004d_A_head924928;nod
IS1008c_C_head11371139;nod
TS3011a_D_head922924;nod
IS1009a_C_head530531;nod
IS1009c_B_head16951699;nod
IS1008b_C_head14871487;nod
TS3005a_C_head915916;nod
IS1009c_B_head10701070;nod
IS1008b_D_head820821;nod
IS1009b_B_head873874;nod
IS1009b_D_head17051706;nod
ES2009d_A_head17721772;nod
IS1008b_C_head15061509;nod
ES2008a_C_head792792;nod
IS1008c_C_head896896;nod
ES2008d_D_head17151716;shake
IS1004c_D_head866866;nod
IS1003c_A_head877877;nod
TS3005b_C_head14581458;nod
IS1008c_B_head589589;nod
IS1004c_C_head20062007;nod
IS1009c_A_head763765;nod
ES2008b_D_head19151917;nod
ES2008d_D_head17521753;shake
IS1008b_B_head471472;nod
IS1008d_A_head609610;nod
TS3005b_B_head990990;nod
ES2008a_B_head854854;nod
IS1005c_A_head15981599;nod
IS1009b_C_head896900;nod
IS1004d_C_head823826;nod
IS1001c_A_head411412;nod
IS1001c_B_head512512;nod
IS1003b_A_head12731273;nod
TS3005b_A_head19651966;shake
ES2003b_A_head17741774;nod
IS1006c_A_head575575;nod
TS3005b_B_head23422343;nod
ES2009d_A_head16971698;nod
IS1004b_D_head680681;nod
IS1008d_C_head12811281;nod
IS1004d_D_head18881889;nod
TS3011a_B_head176176;nod
IS1006d_C_head943944;nod
IS1008d_A_head10251026;nod
IS1009b_B_head10601061;nod
TS3005b_D_head10401041;nod
IS1008d_A_head12471248;nod
ES2008c_C_head209210;nod
IS1008c_B_head10551056;nod
TS3005b_A_head12761277;nod
IS1004b_D_head411411;nod
ES2003b_A_head15061506;nod
IS1000b_A_head20342034;shake
ES2008b_C_head12961297;nod
ES2008d_B_head23332334;nod
ES2008d_B_head22312231;nod
IS1005c_C_head15241525;nod
IS1009d_C_head740746;nod
IS1003b_B_head14171418;nod
IS1004c_C_head20072008;nod
IS1003c_A_head16301631;shake
IS1008c_B_head12691269;nod
IS1000b_A_head14161416;nod
ES2008c_A_head479481;nod
TS3011b_D_head666670;nod
TS3011a_B_head285286;nod
IS1005b_C_head18471850;nod
IS1008d_A_head285286;shake
ES2009d_A_head11281128;nod
IS1009b_C_head718719;shake
ES2008c_A_head518521;nod
IS1009c_B_head265266;nod
TS3005b_D_head208208;nod
ES2009d_B_head13341334;nod
ES2003b_B_head19311931;shake
IS1005b_A_head12421243;nod
ES2009d_B_head607607;nod
IS1008d_A_head13911391;nod
ES2009d_A_head17401741;nod
ES2009c_B_head472473;nod
IS1004c_D_head12821282;nod
IS1000b_D_head22762277;shake
ES2008b_B_head15121513;nod
IS1008d_A_head7777;nod
IS1008c_C_head12111212;nod
ES2008d_B_head20952095;nod
ES2008d_B_head12161217;shake
IS1005b_C_head7274;nod
ES2003b_C_head12461246;nod
IS1009b_C_head381382;nod
IS1003a_C_head657657;nod
ES2008d_D_head16281632;nod
ES2008c_C_head15081509;nod
IS1008d_A_head10001001;nod
IS1004d_D_head10191020;shake
ES2008b_B_head18201822;nod
IS1005c_A_head18051807;nod
ES2008b_A_head14471447;nod
ES2003b_D_head20212022;nod
IS1000a_C_head284284;nod
IS1004d_A_head17191721;shake
ES2008b_A_head16731688;nod
ES2003b_D_head806807;shake
ES2008b_C_head19821983;nod
IS1009b_B_head841842;nod
IS1004b_C_head928928;nod
ES2009d_B_head16331634;shake
IS1008b_C_head16791680;nod
IS1001a_D_head124124;nod
IS1009b_D_head19992000;nod
TS3011a_C_head11491150;nod
IS1004d_A_head972975;nod
ES2008c_A_head102103;nod
ES2008c_C_head16281629;nod
TS3005b_D_head20382039;nod
ES2009d_B_head16881688;nod
IS1009c_D_head15651566;nod
ES2008d_B_head934934;nod
IS1000a_A_head14871488;nod
IS1005b_B_head15951597;nod
IS1003c_A_head439439;nod
IS1004b_A_head18011804;nod
ES2003b_A_head17851785;nod
ES2009d_A_head218219;nod
IS1008c_C_head894896;nod
IS1005b_A_head18941895;nod
IS1008c_C_head10231025;nod
IS1006d_C_head889889;nod
IS1009b_B_head911912;nod
TS3011b_C_head826827;nod
TS3011a_B_head706706;nod
IS1001c_B_head454454;shake
IS1000b_A_head396397;nod
IS1001c_C_head519520;nod
ES2003b_D_head18221823;nod
ES2003b_C_head14361438;nod
IS1006d_C_head997998;shake
IS1009c_B_head16031604;nod
ES2009d_A_head213215;nod
IS1001b_C_head748749;nod
TS3011a_C_head727728;nod
ES2003b_B_head13181318;nod
ES2009c_B_head16821682;nod
IS1009b_C_head305306;nod
IS1001b_C_head919919;nod
IS1008c_C_head592593;nod
ES2008b_A_head17991803;nod
IS1006d_A_head13861387;nod
ES2009c_B_head17331733;nod
IS1009c_B_head10721073;nod
IS1008b_B_head14721474;nod
IS1000a_B_head13141314;nod
IS1004b_A_head927928;nod
IS1008b_D_head10841085;nod
TS3005a_B_head398398;nod
IS1009c_A_head416416;nod
IS1003b_D_head14901490;nod
IS1000a_B_head13731374;nod
IS1004d_A_head10831086;nod
ES2003a_A_head100101;nod
TS3005a_D_head924925;nod
IS1009b_B_head16361639;nod
IS1009d_C_head19091909;nod
IS1001b_B_head14371437;nod
IS1005b_D_head11801183;nod
IS1004b_C_head14191420;nod
IS1005b_D_head812814;nod
IS1008c_B_head180180;nod
IS1000d_D_head16451645;nod
ES2008d_B_head10981098;nod
IS1000b_B_head15771577;nod
IS1009c_B_head764765;nod
IS1005b_D_head17641767;nod
IS1004b_A_head14821486;nod
TS3005b_C_head841842;nod
TS3011a_C_head184184;nod
ES2009c_B_head18931893;nod
IS1006d_A_head14491449;nod
ES2003b_B_head12331233;nod
ES2008d_D_head22762276;shake
IS1008b_C_head900901;nod
TS3005b_B_head712714;nod
IS1009b_C_head459461;nod
ES2008b_B_head20792080;nod
TS3005b_A_head18781878;nod
IS1001d_B_head723723;nod
IS1009d_C_head13381338;nod
IS1008b_D_head10671067;nod
IS1004d_A_head18641865;nod
IS1009b_C_head128129;nod
IS1008b_B_head15561557;nod
IS1000b_A_head316317;nod
IS1009c_D_head13711374;nod
ES2008b_A_head15821586;nod
IS1006d_A_head13241324;nod
IS1000b_C_head326328;nod
IS1005c_D_head11271129;nod
IS1009a_C_head630631;nod
TS3005b_C_head824826;nod
IS1003a_C_head198199;nod
IS1009b_C_head985985;shake
IS1009b_C_head531532;nod
ES2008c_A_head433436;nod
IS1009b_D_head10261027;nod
IS1000b_A_head19211923;nod
ES2008d_D_head14291429;nod
IS1009d_B_head17431745;nod
ES2008b_D_head15501551;nod
IS1008d_C_head609610;nod
IS1004c_A_head13721373;shake
IS1008c_B_head932933;nod
IS1008b_C_head14431443;shake
IS1009a_A_head637638;nod
IS1000b_A_head217218;nod
IS1008c_C_head10091009;nod
IS1008c_D_head14851486;nod
TS3005a_B_head172172;nod
IS1009b_A_head18561857;nod
ES2009d_A_head189189;shake
ES2008a_C_head637638;nod
ES2008d_C_head920921;nod
IS1008b_B_head543544;nod
IS1009b_D_head684684;nod
IS1009d_C_head12791282;nod
ES2008c_A_head881883;nod
IS1009d_B_head17231725;nod
ES2008a_C_head797798;nod
ES2008a_A_head725729;nod
IS1008c_A_head291293;nod
IS1005b_A_head14941496;shake
IS1004b_B_head120121;nod
TS3005b_B_head14801481;nod
IS1005c_A_head14971501;nod
IS1009b_B_head280282;nod
IS1000a_D_head12141214;nod
IS1009c_D_head769769;nod
IS1001b_B_head14471447;nod
ES2009d_B_head14501452;nod
ES2008a_C_head802802;nod
ES2008b_A_head14631464;nod
ES2009c_C_head662663;nod
ES2008b_B_head11421142;nod
ES2008b_D_head13211321;nod
IS1006d_A_head10641064;shake
IS1003a_C_head429430;nod
ES2009d_B_head18851885;nod
TS3005b_B_head17871787;nod
IS1008b_B_head857858;nod
IS1000b_C_head22272228;nod
IS1001a_B_head163164;nod
ES2008b_C_head19891990;nod
IS1005b_A_head11901191;nod
IS1008c_B_head163163;nod
ES2008b_C_head16721673;nod
ES2008d_B_head21302131;nod
IS1005c_D_head12401243;nod
IS1003b_C_head15711572;shake
IS1004a_A_head708709;nod
ES2008d_B_head496496;nod
IS1009c_B_head663663;nod
ES2008d_B_head20202020;nod
IS1008b_C_head10941095;nod
IS1004b_A_head244244;shake
IS1008b_D_head10231026;nod
IS1008d_A_head14111412;nod
IS1009a_A_head641642;nod
IS1004d_C_head379379;nod
TS3011a_D_head764765;nod
IS1008c_C_head795802;nod
ES2009d_A_head17221722;nod
IS1008c_C_head591592;nod
IS1003b_C_head13821382;nod
ES2008b_D_head17891789;shake
IS1008c_A_head459460;nod
ES2008d_D_head124124;nod
IS1008d_A_head14181419;nod
ES2009d_A_head324326;nod
IS1004d_A_head706709;nod
IS1009d_B_head324325;nod
IS1004b_A_head929933;nod
TS3005b_B_head22892290;shake
ES2009c_C_head17261727;nod
IS1008d_A_head10691070;nod
ES2008b_D_head19821983;nod
IS1004b_A_head20642065;nod
TS3005b_B_head161162;shake
IS1008c_C_head204204;nod
IS1000a_D_head14071407;nod
IS1003b_B_head342343;nod
IS1009b_C_head974975;nod
IS1004c_A_head11191120;nod
ES2008c_C_head13581358;shake
IS1008c_D_head550550;shake
IS1000b_A_head486486;nod
IS1009c_A_head758759;shake
IS1008b_B_head11161119;nod
IS1000b_A_head471472;nod
IS1005c_D_head17371737;nod
ES2008d_C_head972974;nod
IS1008c_C_head413414;nod
ES2008c_A_head846848;nod
IS1008c_B_head719720;nod
IS1008c_C_head174174;nod
IS1008c_D_head10071008;nod
