P1_P3_1502_C2221727222783;Head_Sideways_Shake
P5_P3_2202_C2120054122991;Head_Tilt_(left_right)
P1_P3_1502_C2238755240471;Head_Tilt_(left_right)
P5_P2_1003_C2158664159159;Head_Nodding
P6_P3_1602_C2237996239151;Head_Nodding
P1_P3_1502_C28032283457;Head_Nodding
P6_P4_1602_C15293253691;Head_Sideways_Shake
P6_P3_1602_C1276210278091;Head_Nodding
P1_P3_1502_C15530856430;Head_Tilt_(left_right)
P5_P2_1003_C2208923212784;Head_Nodding
P6_P4_1602_C2269445270402;Head_Tilt_(left_right)
P6_P2_1602_C196822100881;Head_Nodding
P1_P3_1502_C199990101805;Head_Sideways_Shake
P6_P2_1602_C2199617203610;Head_Nodding
P1_P3_1502_C18890290519;Head_Tilt_(left_right)
P6_P2_1602_C2115995116886;Head_Nodding
P5_P2_1003_C27240273161;Head_Tilt_(left_right)
P6_P2_1602_C1226908227898;Head_Sideways_Shake
P6_P3_1602_C24798249467;Head_Nodding
P5_P2_1003_C2166320168201;Head_Nodding
P3_P4_1502_C2115995116886;Head_Nodding
P3_P4_1502_C2158499159192;Head_Nodding
P3_P4_1502_C2246015247434;Head_Tilt_(left_right)
P1_P2_1402_C1169851171369;Head_Sideways_Shake
P6_P3_1602_C2140778142362;Head_Sideways_Shake
P1_P3_1502_C2101541103389;Head_Nodding
P6_P3_1602_C2943810230;Head_Nodding
P6_P3_1602_C26557167584;Head_Sideways_Shake
P1_P3_1502_C2150942151866;Head_Tilt_(left_right)
P1_P3_1502_C1286011286902;Head_Tilt_(left_right)
P6_P3_1602_C2115995116820;Head_Nodding
